https://raw.githubusercontent.com/Juchanho/flower-images/refs/heads/main/images/tulips/t001.jpg,tulips
https://raw.githubusercontent.com/Juchanho/flower-images/refs/heads/main/images/tulips/t002.jpg,tulips
https://raw.githubusercontent.com/Juchanho/flower-images/refs/heads/main/images/tulips/t003.jpg,tulips
https://raw.githubusercontent.com/Juchanho/flower-images/refs/heads/main/images/tulips/t004.jpg,tulips
https://raw.githubusercontent.com/Juchanho/flower-images/refs/heads/main/images/tulips/t005.jpg,tulips
https://raw.githubusercontent.com/Juchanho/flower-images/refs/heads/main/images/tulips/t006.jpg,tulips
https://raw.githubusercontent.com/Juchanho/flower-images/refs/heads/main/images/tulips/t007.jpg,tulips
https://raw.githubusercontent.com/Juchanho/flower-images/refs/heads/main/images/tulips/t008.jpg,tulips
https://raw.githubusercontent.com/Juchanho/flower-images/refs/heads/main/images/tulips/t009.jpg,tulips
https://raw.githubusercontent.com/Juchanho/flower-images/refs/heads/main/images/tulips/t010.jpg,tulips
